type,x,y
0,93.1636,53.9039
0,80.5178,54.3558
0,72.7919,55.1953
0,94.9689,55.8717
0,86.1953,55.3203
0,86.9142,54.4650
0,82.8994,58.2267
0,71.0022,55.5228
0,94.5672,51.2883
0,91.3311,50.4939
0,97.6311,56.0492
0,73.3683,54.9922
0,95.1800,51.5742
0,84.4028,55.2381
0,73.7364,54.5089
0,86.1956,52.2972
0,79.4753,53.1633
0,80.8733,53.5961
0,80.2556,52.7650
0,104.4547,52.2353
0,88.3958,56.0675
0,86.2989,54.5294
0,84.0308,53.1217
0,81.0711,53.5172
0,82.3969,53.5747
0,83.4539,56.4069
0,85.7758,54.9242
0,82.7050,52.9556
0,71.3564,54.2869
0,93.0244,58.0783
0,87.2653,51.7931
0,91.3961,56.9872
0,86.5092,54.5936
0,84.9283,56.2258
0,81.2344,51.4217
0,91.6872,53.7106
0,92.1292,54.3700
0,74.0689,55.5369
0,85.8411,53.2958
0,83.3636,53.3364
0,83.0400,51.9442
0,107.0231,57.3256
0,82.9142,55.2606
0,86.1658,56.1117
0,85.4542,54.7939
0,107.6917,56.0228
0,76.7614,55.3092
0,91.6167,53.6183
0,94.1272,55.5600
0,93.7156,56.5050
0,90.4914,56.1647
0,101.8406,54.1031
0,103.5114,52.9922
0,81.8269,53.4619
0,91.8819,53.3408
0,81.9153,51.4481
0,98.3219,58.4236
0,81.9147,52.8650
0,72.7514,55.2681
0,81.2083,53.9650
0,103.6206,53.5244
0,92.9889,56.4375
0,91.2497,55.3603
0,84.1983,53.4983
0,92.3142,58.4336
0,81.8172,51.7172
0,104.3997,52.4433
0,79.2675,52.1306
0,90.5250,55.2197
0,73.1475,54.8167
0,83.6042,53.3022
0,84.1053,52.0731
0,94.2625,51.8747
0,90.3086,52.7217
0,78.6625,54.7022
0,81.0356,54.6753
0,78.9231,52.4428
0,89.8494,55.0397
0,83.4250,51.3106
0,79.7956,51.3931
0,92.8844,51.3758
0,86.3986,54.4089
0,103.5258,52.8136
0,103.7494,51.7531
0,71.9275,54.9386
0,89.8683,50.0458
0,87.4328,53.6667
0,85.6622,55.6389
0,89.8061,55.1319
0,78.0425,53.7342
0,91.1258,54.0981
0,85.0608,54.7842
0,92.8444,53.2242
0,79.7850,54.7119
0,93.1528,57.1617
0,83.6483,55.0019
0,70.8083,55.5267
0,79.1681,52.2531
0,83.5747,57.7111
0,83.6947,53.2514
0,91.1061,53.9286
0,74.0978,54.5311
0,94.5892,51.8894
0,100.6942,55.2069
0,102.5433,53.0697
0,82.2908,51.5939
0,73.5217,54.8992
0,102.3847,57.7672
0,85.6056,52.7917
0,93.7256,50.6628
0,94.6469,58.7889
0,79.5169,53.4406
0,85.4908,56.2831
0,103.8017,53.4333
0,82.0092,52.5708
0,87.4181,55.9550
0,104.7536,52.8050
0,91.5789,51.2844
0,86.2025,54.2367
0,101.6181,54.1783
0,92.7167,58.1114
0,89.2931,54.3494
0,80.9425,52.2906
0,100.1914,54.3956
0,79.0450,53.2783
0,85.7375,54.4439
0,70.8675,56.2789
0,95.2811,55.8036
0,103.1981,52.4458
0,83.9933,53.4144
0,90.6403,56.4967
0,91.3061,53.8269
0,83.1244,51.6231
0,96.9031,57.5714
0,74.3669,55.3681
0,92.5183,56.3772
0,86.2489,52.6869
0,88.9983,49.9156
0,84.3908,55.6694
0,93.4361,54.3453
0,91.3831,53.5969
0,85.8614,57.2992
0,73.5947,56.4664
0,105.1492,54.8083
0,94.4831,55.8522
0,83.2336,54.6711
0,94.9803,55.5442
0,81.4289,53.0792
0,102.4897,52.9850
0,82.2328,54.5803
0,73.0317,54.9481
0,83.1656,52.5475
0,85.3167,52.4369
0,101.6342,56.1514
0,99.6503,56.0914
0,88.2633,50.5211
0,91.8928,55.2044
0,102.6547,53.4719
0,87.3394,53.9622
0,81.2667,51.3717
0,100.9036,54.4597
0,82.7342,54.9792
0,80.3322,53.5931
0,80.2056,52.4950
0,70.9269,57.7986
0,80.9972,52.5850
0,81.9225,50.8797
0,73.7253,55.0344
0,80.8036,52.9617
0,72.5369,55.4306
0,80.2194,54.2158
0,103.7144,52.6981
0,93.2781,54.0919
0,90.6050,53.3869
0,94.8558,51.6556
0,96.9189,56.1447
0,86.6264,50.4517
0,90.5336,53.1319
0,91.3042,53.6789
0,84.2586,55.2847
0,104.1142,56.5847
0,83.6978,53.2028
0,105.7756,56.7928
0,103.8381,52.7942
0,97.2036,56.1642
0,78.5072,54.3675
0,91.5644,54.3150
0,72.2092,54.6347
0,91.3139,53.7736
0,74.5783,55.0517
0,82.5603,52.3689
0,86.7014,54.3564
0,73.9964,54.8817
0,84.9100,56.4000
0,84.0797,56.5561
0,83.3647,54.1897
0,89.7639,51.2831
0,86.3564,54.0481
0,97.4258,57.7539
0,83.3072,54.4931
0,89.9447,54.4403
0,91.0908,56.2686
0,82.7014,53.4103
0,85.3411,55.6628
0,87.0075,53.7350
0,83.4267,54.5064
0,76.4992,58.5772
0,90.8444,55.0919
0,74.9378,55.4328
0,78.7519,53.1497
0,86.1131,54.7133
0,83.0314,52.7828
0,83.9689,56.2594
0,86.1036,54.2844
0,101.9614,55.5019
0,73.4678,56.0150
0,85.3533,56.6175
0,72.5214,54.4664
0,76.0683,55.2567
0,103.6836,57.2958
0,78.1800,53.8072
0,72.9617,56.1961
0,93.0653,57.8753
0,83.6353,54.5389
0,87.9147,55.9864
0,85.5406,54.8392
0,102.1558,57.3656
0,102.7292,58.0478
0,87.1689,56.2903
0,96.7347,58.5031
0,81.6631,52.9169
0,83.3481,54.5125
0,92.5419,56.1408
0,80.8339,59.0481
0,74.6158,56.1431
0,93.2822,55.8067
0,82.7672,52.5139
0,96.0161,56.5253
0,86.2728,54.1181
0,84.6314,52.2147
0,96.8028,56.7475
0,81.3544,53.7914
0,93.1969,57.5183
0,92.0050,53.4069
0,83.8400,54.9997
0,85.1853,53.9514
0,103.0719,53.9836
0,81.4700,53.9200
0,89.3239,56.3161
0,78.3631,56.3483
0,81.3992,51.6692
0,102.8039,53.7208
0,86.5953,53.8494
0,84.6756,52.9828
0,93.2756,57.6958
0,82.9158,53.0903
0,81.4625,53.0133
0,103.7797,53.0872
0,74.6803,56.4217
0,91.7903,53.7289
0,88.9228,49.8461
0,103.5225,52.8314
0,83.8669,56.5500
0,72.4875,53.9833
0,71.3319,54.6547
0,73.3969,54.0792
0,82.5842,54.5358
0,90.9783,54.3581
0,92.3161,56.2142
0,96.8481,56.1294
0,93.3356,56.1203
0,83.5389,52.8997
0,91.8483,53.2756
0,89.2328,55.2886
0,86.3733,54.5164
0,106.0650,53.4822
0,101.2436,56.0872
0,81.8339,52.4853
0,81.7189,52.1558
0,89.8681,52.9594
0,92.9428,53.1225
0,93.6236,55.8542
0,85.2944,53.1639
0,87.6028,50.3131
0,73.3022,54.8661
0,80.9397,53.0328
0,73.0292,55.3514
0,90.2736,56.0331
0,95.5392,56.3436
0,84.4628,52.4300
0,86.2442,54.7500
0,86.1197,55.2386
0,92.6739,51.6133
0,94.6981,58.1822
0,101.0350,55.3817
0,103.7558,57.2689
0,89.9144,54.5792
0,84.9728,56.2608
0,87.9283,58.7481
0,93.2636,55.8653
0,99.1042,54.8942
0,84.9953,55.0636
0,80.3775,55.0922
0,89.9564,53.1169
0,79.1758,53.1386
0,91.6506,53.1689
0,93.9839,55.8700
0,81.4317,53.7911
0,77.1447,54.3561
0,99.0147,58.7267
0,85.5197,53.7875
0,102.7939,53.3433
0,81.7472,54.5250
0,106.4069,52.7972
0,94.7072,55.5503
0,78.7347,53.4494
0,93.9478,55.8397
0,92.6364,58.0814
0,85.6175,56.8442
0,85.2403,52.0861
0,74.5103,53.7783
0,91.0056,55.8353
0,96.4203,57.1939
0,103.6278,56.9819
0,83.7389,54.2919
0,81.5294,50.8133
0,85.9619,52.5628
0,93.3594,56.0442
0,83.2339,53.3125
0,83.9711,53.3436
0,103.2619,52.1950
0,76.3867,55.6119
0,83.9936,53.8294
0,85.8961,52.0036
0,91.2231,53.2800
0,82.7811,53.2539
0,74.2406,54.1189
0,85.7669,55.1250
0,86.3036,54.4222
0,81.6239,55.0903
0,72.3850,54.9817
0,81.9981,52.3731
0,96.3239,56.7686
0,81.9967,54.8117
0,82.9542,55.1436
0,75.0603,54.5611
0,83.5808,51.3758
0,83.6089,55.3056
0,85.3883,56.7414
0,80.8467,59.0333
0,84.7339,55.0694
0,81.7186,51.9328
0,86.1028,56.3994
0,86.6972,51.7664
0,90.9206,53.0456
0,74.7578,56.1556
0,81.5842,52.4325
0,79.4592,53.5994
0,93.9531,54.9558
0,82.2061,51.0519
0,86.3794,54.9478
0,90.0361,55.7011
0,85.4347,55.8739
0,85.9986,51.4583
0,86.1775,50.1647
0,83.6625,53.2425
0,94.7697,55.7089
0,92.4175,53.5936
0,82.2061,55.0189
0,73.3933,54.0256
0,81.4642,50.9978
0,86.0008,54.4886
0,80.7525,52.5403
0,98.3525,56.3719
0,85.2053,56.3894
0,83.6067,53.3997
0,84.9242,55.6633
0,85.4933,52.8733
0,78.3292,53.3314
0,84.8675,56.3439
0,82.4456,54.5061
0,87.2569,51.7844
0,86.7689,54.3869
0,83.5481,54.4006
0,82.0233,53.2483
0,83.9583,56.6197
0,93.1344,51.5642
0,91.3947,56.1661
0,86.7075,54.3925
0,85.6061,50.2689
0,94.9819,56.2558
0,87.1531,53.6669
0,72.4522,55.2614
0,94.8044,51.3294
0,103.2044,52.8075
0,94.1078,51.5800
0,84.2606,54.3097
0,83.4853,57.6194
0,73.1528,55.3947
0,90.9775,51.2961
0,82.6939,54.9947
0,88.5494,53.6428
0,97.7028,56.9603
0,83.2142,54.9592
0,107.7997,55.9050
0,114.6442,58.2050
0,73.9786,53.8522
0,81.5083,52.5556
0,96.1867,55.7867
0,90.6219,54.2508
0,86.7339,51.8828
0,92.5981,53.2408
0,82.0883,54.0156
0,74.2592,53.6464
0,86.1922,52.1600
0,94.6444,57.0650
0,83.2108,52.6789
0,81.2339,54.5378
0,97.3219,56.2722
0,84.0208,53.9172
0,80.0933,52.2694
0,95.1900,56.4217
0,83.7742,53.5111
0,86.4772,52.8442
0,88.6658,49.9936
0,92.3911,53.2758
0,73.0558,54.3150
0,91.6633,54.0928
0,83.5986,53.0472
0,81.2806,51.5842
0,72.8772,54.4897
0,84.5936,54.3175
0,78.2742,55.4283
0,85.3694,56.3611
0,73.5483,55.1439
0,79.9956,54.1522
0,83.7031,53.2419
0,85.6153,55.2764
0,91.2747,51.4033
0,99.0756,54.8450
0,103.4919,57.2247
0,86.2569,55.3011
0,74.5289,54.1781
0,83.4878,53.7308
0,83.8036,51.9581
0,104.2078,52.2111
0,85.8031,54.2350
0,82.1128,54.8242
0,103.7269,52.4619
0,95.0083,51.6508
0,81.5003,53.3178
0,77.3833,54.6408
0,87.0800,54.0247
0,101.9783,54.1333
0,95.5694,50.2000
0,80.8967,51.7592
0,93.6808,55.8094
0,84.7781,52.0483
0,74.6714,54.1133
0,85.2519,52.4689
0,85.2139,52.5392
0,93.7147,51.1322
0,85.2372,53.5842
0,92.0972,53.4842
0,93.2522,54.1608
0,106.1861,53.9833
0,82.9547,51.8456
0,104.3169,52.3428
0,71.1503,54.9689
0,86.3728,55.1653
0,96.1197,52.4656
0,72.8522,54.9450
0,78.9914,53.2267
0,91.4197,52.8489
0,72.6522,54.8014
0,90.6886,55.7592
0,104.1486,53.3567
0,73.8306,54.3603
0,78.6458,52.9994
0,85.3425,55.2453
0,85.3633,55.7353
0,89.9628,54.4872
0,94.3283,55.8131
0,95.4533,58.4553
0,78.1461,53.5197
0,71.6667,54.9664
0,72.7119,54.6619
0,95.4811,51.1153
0,74.7111,55.0858
0,92.6678,53.8886
0,103.0500,54.0086
0,91.6117,53.6922
0,90.8450,54.2275
0,92.9075,56.4414
0,84.5800,53.3614
0,94.2167,55.7789
0,74.4383,55.3608
0,86.8694,54.0664
0,84.6400,55.6908
0,87.6203,56.0342
0,74.6153,56.5803
0,83.7072,52.1903
0,71.5447,55.1675
0,79.0922,54.7919
0,90.6731,56.1372
0,90.4308,56.3894
0,86.3478,54.5872
0,98.8144,58.6711
0,105.3247,52.2986
0,75.0558,54.4150
0,84.0039,53.3822
0,90.1836,53.1606
0,73.6650,54.9700
0,79.6697,53.3281
0,84.4003,53.3556
0,94.9236,56.7069
0,91.6269,55.3861
0,72.7819,54.1664
0,84.7422,56.5222
0,86.9347,56.9503
0,86.2433,55.2336
0,106.1928,56.9950
0,92.1336,53.6664
0,99.2678,56.1108
0,79.3556,53.3436
0,89.0936,55.6253
0,80.6300,52.1386
0,90.3981,54.8089
0,90.0561,50.9103
0,90.5803,56.6550
0,71.2903,54.9883
0,73.1947,55.1519
0,93.1642,55.9597
0,91.5931,51.5806
0,97.3894,58.0328
0,90.7044,51.2153
0,82.1503,50.8525
0,90.2414,53.8294
0,87.2328,56.1703
0,79.8686,52.8339
0,104.4150,52.2286
0,97.6239,56.0678
0,92.5444,56.0478
0,103.1344,53.0742
0,71.6817,54.5700
0,81.8600,54.3667
0,82.5636,55.2011
0,78.7850,52.7750
0,82.4594,55.0100
0,90.0308,56.1814
0,79.8614,55.0367
0,104.0550,52.3650
0,85.2325,58.2556
0,104.4497,52.2733
0,90.1203,55.0753
0,85.1589,54.7003
0,81.4072,53.5675
0,87.9561,50.6319
0,88.5214,56.1114
0,104.2972,52.4228
0,86.9372,53.7222
0,73.9131,55.1519
0,83.4631,56.8269
0,83.9331,56.1314
0,102.9044,53.4769
0,74.8097,55.1100
0,95.4575,56.2061
0,82.7881,53.1447
0,80.6558,52.3881
0,83.2767,54.1481
0,102.0764,53.9528
0,85.9600,55.4692
0,92.5992,54.1164
0,90.8164,59.5694
0,93.4058,56.5497
0,74.8717,54.8128
0,87.1025,51.9092
0,72.7539,54.5592
0,84.2647,52.2153
0,75.0639,53.9628
0,86.1403,54.5836
0,86.0989,55.0142
0,97.1442,58.4381
0,94.9036,55.2589
0,85.3425,55.8411
0,105.2175,52.9461
0,95.4239,55.6550
0,96.0661,56.6769
0,83.6450,53.7425
0,99.3853,55.1028
0,91.3975,55.2511
0,89.1389,53.4172
0,84.8744,51.0356
0,83.5544,52.8867
0,79.5625,57.5642
0,80.1161,51.8739
0,103.7186,51.6564
0,85.2544,56.5567
0,92.7814,53.8794
0,103.4047,53.4386
0,86.4339,53.2006
0,92.7867,57.0481
0,80.1911,51.3606
0,83.8231,53.7314
0,102.8408,53.8111
0,82.0194,52.0725
0,86.6367,54.0061
0,101.7192,54.5397
0,71.1167,54.2361
0,85.0325,52.1575
0,104.7386,51.9511
0,74.9356,54.0658
0,92.5036,58.2217
0,84.7792,54.0936
0,100.8925,54.4542
0,95.4594,55.6436
0,90.6633,55.9508
0,97.3131,58.0708
0,72.3106,54.9511
0,77.9900,54.4019
0,72.3914,54.6292
0,78.3419,55.3503
0,92.4436,53.1242
0,98.6175,58.5831
0,87.1172,53.9542
0,83.1042,51.7864
0,104.2375,52.4633
0,74.6197,55.0828
0,85.7925,52.7161
0,84.3900,52.3714
0,83.2097,54.9811
0,79.4781,51.8556
0,73.2550,55.1958
0,92.9194,56.5381
0,86.1592,55.7328
0,75.4358,54.6272
0,82.6919,52.4183
0,75.0181,54.2597
0,83.3075,52.1228
0,74.0700,54.7800
0,78.3083,55.4500
0,85.0161,52.4186
0,84.1358,52.1197
0,95.3075,50.9983
0,94.5208,51.1397
0,79.6975,52.0750
0,108.1108,57.7758
0,103.6097,54.0292
0,86.1558,55.1431
0,86.6775,54.1569
0,85.0206,50.5053
0,83.5297,53.4178
0,81.1603,54.3842
0,114.1989,57.8519
0,93.6550,53.8972
0,79.2972,55.0792
0,105.0414,52.9058
0,85.6311,56.0650
0,84.0483,51.8386
0,91.1817,53.6892
0,71.4967,54.3292
0,92.3369,51.5153
0,85.9597,52.6156
0,73.6033,54.7656
0,91.3719,53.8411
0,83.8019,56.0078
0,71.8819,54.5833
0,83.7675,57.5814
0,82.2606,52.9464
0,104.2303,51.4975
0,81.8786,52.7744
0,86.6786,54.7528
0,74.6794,54.2589
0,93.1381,56.7236
0,103.2856,52.8967
0,83.8817,53.1806
0,80.4353,52.9356
0,89.0425,56.0706
0,97.5328,57.4447
0,70.4531,57.9411
0,91.8778,57.5819
0,72.6522,55.2347
0,86.4283,54.4333
0,80.2683,53.9161
0,86.9344,53.9953
0,86.7997,55.0056
0,81.1036,51.2836
0,86.4797,54.4258
0,96.5325,56.2003
0,83.3689,53.0886
0,91.9125,53.5347
0,80.7853,54.0561
0,83.1161,55.1553
0,104.1264,52.2550
0,88.7853,55.5650
0,94.6206,58.4175
0,82.2903,53.0094
0,73.4828,57.2350
0,90.1078,51.0406
0,85.2869,54.9222
0,103.5828,52.5408
0,82.7661,55.0706
0,81.3953,52.2058
0,73.6206,55.8775
0,103.5517,52.8689
0,86.5550,54.1700
0,100.2478,54.4725
0,87.3950,53.7811
0,81.7192,52.6867
0,74.0217,54.0067
0,103.6483,57.0808
0,90.0067,56.2392
0,103.8881,52.5442
0,90.4953,56.2694
0,90.5531,56.2422
0,84.9317,53.7064
0,84.0964,55.1494
0,92.9842,56.1647
0,72.1147,54.9122
0,84.0208,53.7231
0,91.1736,53.5222
0,77.5569,54.2831
0,104.0214,52.8050
0,92.4458,53.7561
0,82.0733,57.0217
0,75.5472,54.6847
0,92.4703,53.3411
0,95.4164,56.5144
0,82.0267,51.5694
0,82.7078,55.2864
0,88.6186,55.5906
0,82.1872,51.1581
0,73.4361,55.4656
0,95.6075,51.4567
0,95.5353,56.2539
0,84.8103,50.7936
0,84.8706,56.4131
0,85.0869,55.0411
0,87.2656,53.7081
0,85.1747,52.5967
0,72.6758,54.1964
0,94.5022,51.1467
0,72.6969,55.1542
0,86.0897,55.3542
0,79.3425,52.4161
0,87.3750,53.9617
0,87.0339,53.9006
0,92.8039,53.9339
0,82.9911,54.9200
0,84.3247,51.6481
0,93.3156,57.0522
0,92.9378,53.4014
0,74.4603,56.5156
0,92.0778,50.7322
0,101.8556,53.8939
0,103.5519,52.5586
0,99.6103,58.1036
0,85.9483,54.3294
0,85.2322,55.4306
0,83.0028,52.6633
0,94.4939,55.4972
0,89.5856,56.1731
0,104.1075,52.2728
0,93.2717,56.1425
0,102.4911,53.5544
0,74.2739,54.7653
0,91.2094,55.0108
0,78.5728,52.9253
0,103.3869,53.7350
0,98.0250,55.8633
0,85.5669,51.5689
0,93.9608,51.3628
0,90.4178,56.0125
0,80.1836,51.0603
0,89.4583,52.6561
0,92.7503,56.0986
0,83.7800,53.3481
0,91.0558,54.8703
0,79.9358,54.1344
0,92.2294,54.0492
0,91.0314,53.4439
0,92.9200,51.5347
0,81.8925,50.8719
0,103.1103,53.5025
0,101.2933,55.9814
0,85.1331,53.0597
0,103.6403,52.3325
0,81.7981,50.9578
0,92.8764,53.5950
0,94.5408,51.4317
0,73.2661,54.1081
0,83.1678,54.9294
0,84.9097,52.4544
0,95.1986,50.9294
0,83.1214,52.8206
0,86.3586,54.5256
0,83.5011,54.4431
0,86.0794,57.2739
0,85.4172,54.5561
0,79.0356,55.3400
0,94.3319,55.2856
0,70.7694,55.7797
0,82.3153,55.1986
0,81.3978,51.9844
0,75.0669,54.8419
0,78.0053,54.2444
0,86.6256,56.8292
0,92.5592,55.9614
0,101.5494,53.4194
0,97.5233,50.5978
0,83.1606,52.3206
0,93.4753,59.1061
0,83.7258,53.2600
0,95.6172,56.5022
0,82.5100,54.8969
0,98.1792,55.7911
0,82.6022,54.8069
0,90.4019,51.1200
0,81.9411,54.3739
0,78.1597,53.2458
0,91.0900,55.3614
0,102.7414,57.9431
0,99.4239,56.0764
0,81.5028,51.0119
0,84.3428,54.9183
0,104.3717,52.4631
0,84.5142,56.4992
0,96.3781,56.2042
0,85.9058,52.7661
0,82.8361,54.6364
0,73.9258,55.4233
0,83.4778,53.3497
0,73.6381,54.5844
0,87.6464,53.7542
0,83.1978,55.4150
0,81.6197,52.9708
0,83.1211,54.9778
0,91.5764,54.1931
0,81.8294,51.9875
0,84.6347,53.0706
0,84.8500,55.4344
0,85.2542,52.5906
0,83.8875,53.4872
0,95.6308,55.9039
0,102.1672,53.4664
0,85.9097,53.4675
0,100.5253,54.5972
0,78.7450,54.8253
0,83.3303,54.2411
0,87.9894,52.9211
0,80.8481,51.6922
0,95.5556,51.2447
0,102.3744,53.0478
0,103.9872,53.3478
0,97.5436,58.4089
0,87.8136,56.0297
0,87.1361,53.7575
0,84.2172,55.6211
0,85.0092,52.7350
0,82.9458,55.2353
0,91.6192,51.1267
0,73.4369,57.1483
0,73.3011,54.8414
0,83.5022,53.8761
0,90.2486,52.9553
0,81.5303,53.8008
0,90.9719,53.9797
0,105.8622,53.2369
0,79.4950,53.7461
0,95.2147,50.2672
0,105.0608,52.7528
0,85.4783,53.4703
0,104.4472,52.6219
0,88.4764,55.3236
0,86.9028,53.9117
0,85.1950,51.2725
0,81.4489,51.1844
0,84.4742,55.6958
0,71.3956,56.0439
0,95.7603,55.1875
0,83.7636,52.2172
0,85.6753,51.2894
0,73.4967,55.6106
0,71.7611,54.3678
0,85.5506,52.3858
0,93.3394,53.9644
0,78.8967,53.9542
0,86.0564,55.3031
0,85.5286,52.5281
0,78.3297,53.9194
0,81.6208,53.5125
0,73.0433,54.9594
0,82.2694,54.2022
0,83.3358,54.9942
0,103.0900,53.1369
0,81.8944,54.7867
0,85.3767,52.0433
0,73.5278,54.2700
0,83.6692,52.3914
0,72.1778,54.5258
0,81.9083,54.3147
0,104.4889,52.3456
0,76.7147,55.6736
0,90.4931,52.9342
0,82.7550,55.0383
0,93.5733,56.7419
0,85.0439,55.0339
0,87.4253,49.7064
0,89.1231,55.4536
0,88.5019,50.0342
0,82.9103,54.3031
0,95.8872,56.2169
0,95.0942,56.8533
0,85.8514,51.8869
0,85.0472,58.4425
0,79.2064,52.8850
0,81.2261,52.6192
0,79.1197,54.3789
0,100.6889,55.2261
0,82.5694,51.3133
0,96.7017,57.6181
0,91.4719,53.6583
0,104.0819,52.0656
0,79.0131,53.8642
0,102.2344,57.1494
0,85.9961,51.8925
0,86.0119,54.5847
0,89.8892,52.7947
0,90.3450,56.2047
0,87.6383,56.1950
0,92.4892,53.8158
0,92.4969,53.2442
0,97.7269,57.2742
0,83.6211,53.7933
0,73.5378,55.0181
0,82.2878,51.4878
0,73.4775,53.7744
0,83.1450,54.8722
0,74.5897,56.8167
0,84.0558,54.2233
0,85.7494,52.6069
0,84.6264,52.0047
0,84.9839,51.9961
0,83.9719,51.9961
0,92.5908,53.7119
0,82.9267,54.5817
0,87.8167,56.2058
0,84.9736,52.3656
0,89.2386,54.8639
0,103.4886,52.8819
0,79.5778,54.0153
0,96.0350,52.5697
0,85.6169,52.1875
0,85.6317,54.9872
0,82.8669,54.0781
0,97.4406,58.4069
0,90.8361,56.2961
0,74.5847,56.8797
0,81.9611,51.0986
0,86.3103,55.7294
0,85.4019,52.7200
0,73.8222,57.1300
0,73.8025,54.6756
0,84.5997,53.1997
0,92.6119,58.1689
0,83.1489,55.1411
0,84.6728,53.1128
0,82.3614,52.1925
0,71.7931,54.8153
0,77.6486,53.7344
0,92.2650,51.4803
0,103.0578,54.2981
0,92.2681,58.4225
0,104.3917,52.2783
0,82.1331,52.4153
0,80.1644,52.5572
0,82.7344,51.6683
0,83.5581,53.2125
0,92.4397,53.8178
0,72.9661,54.2106
0,107.3428,53.1936
0,92.4544,56.1031
0,81.2953,55.0942
0,81.7908,51.1333
0,103.4439,53.3339
0,78.8772,52.5664
0,86.1964,52.6714
0,91.1775,53.0897
0,92.3800,55.9578
0,75.7083,55.5658
0,90.2850,52.6964
0,78.7575,52.7858
0,83.8981,55.1189
0,82.7794,52.4922
0,85.2006,56.6253
0,85.3981,54.4531
0,71.8083,56.2647
0,91.9211,53.0719
0,102.3022,53.4906
0,81.6539,52.5969
0,79.6858,55.2994
0,86.0011,56.4897
0,81.2700,54.1750
0,76.1367,55.9361
0,74.3461,54.4658
0,72.9222,55.2417
0,95.7050,56.2050
0,114.0122,57.8175
0,91.2578,53.1086
0,82.1681,52.6436
0,73.6242,54.6903
0,82.5031,52.5767
0,85.7925,57.7100
0,85.7194,53.1894
0,85.0994,56.4500
0,97.6997,55.7206
0,81.9406,55.0419
0,80.6233,55.1514
0,72.5022,55.1264
0,82.2456,51.1944
0,84.7778,55.0572
0,101.6583,54.2403
0,86.2086,55.3558
0,82.9569,54.6814
0,84.9361,52.6658
0,79.2908,52.3697
0,85.5203,50.2328
0,91.2914,51.1572
0,73.5897,54.8142
0,86.0617,57.0539
0,83.3489,54.4369
0,82.1603,52.3072
0,93.6461,56.4061
0,74.0567,53.6647
0,89.8333,55.3142
0,83.3231,55.2083
0,84.7047,56.7419
0,87.5586,53.7781
0,86.9225,52.4344
0,84.8808,56.6033
0,87.5064,50.3178
0,84.2344,53.7817
0,82.9911,58.3981
0,81.1058,52.8608
0,82.2350,53.3533
0,90.1411,55.7764
0,74.5703,56.0153
0,90.3406,50.8867
0,85.6619,53.9472
0,78.5903,54.4917
0,90.5750,56.2792
0,103.6633,52.5692
0,99.1319,54.8314
0,91.7117,56.0953
0,75.2408,56.3717
0,91.5169,53.0028
0,83.9619,53.3164
0,81.6600,54.2414
0,77.6347,54.3925
0,83.3861,53.2664
0,84.1456,51.9708
0,72.7800,54.9811
0,71.4639,55.0950
0,97.8097,58.4200
0,86.2936,54.3036
0,83.0069,55.1111
0,82.8372,54.9119
0,86.9350,53.7875
0,81.0419,54.1306
0,80.9119,52.8392
0,78.7247,53.2219
0,84.8631,52.3017
0,87.5556,57.1983
0,87.1606,53.9011
0,78.6272,53.0150
0,83.6586,53.2897
0,83.2053,53.1622
0,79.5444,52.2411
0,86.0031,51.4069
0,84.7692,55.6708
0,115.3025,58.5050
0,85.9581,50.1694
0,85.0658,56.0261
0,85.2497,55.0172
0,82.9233,55.0283
0,103.2400,53.7611
0,88.7928,49.9147
0,85.6114,54.6739
0,74.0003,54.6025
0,84.6392,52.8942
0,97.3267,57.4494
0,82.9433,51.6136
0,84.5303,53.9000
0,97.8200,55.5319
0,86.2686,57.0514
0,85.4725,52.2011
0,93.2347,53.3714
0,87.0086,53.7600
0,82.4306,54.7153
0,84.0700,56.5306
0,81.8150,53.2439
0,104.5042,52.6581
0,87.2772,53.5211
0,84.3794,55.2086
0,74.6150,54.8908
0,91.9786,53.1875
0,85.4472,53.4569
0,93.7356,53.8806
0,85.1389,56.0458
0,86.4100,54.5006
0,86.7067,55.0853
0,95.6331,56.6161
0,79.3881,53.8400
0,77.9300,55.2911
0,80.7000,51.4378
0,83.3817,54.4569
0,73.7483,54.8508
0,74.3775,54.4889
0,85.6014,56.8236
0,104.1494,52.4381
0,91.9289,53.9658
0,79.0533,55.6878
0,101.1225,54.4058
0,78.0442,53.8417
0,85.3394,52.3511
0,80.8069,53.9633
0,86.6033,53.9244
0,105.3361,52.8875
0,78.9419,54.6117
0,94.3944,55.4997
0,103.0297,53.6911
0,81.8092,52.7994
0,80.7003,54.8744
0,86.3189,54.6475
0,80.4892,54.3175
0,73.1589,55.2700
0,103.9092,53.3708
0,92.5914,54.0189
0,85.1044,51.4439
0,93.0247,52.2394
0,100.4553,54.6492
0,102.8500,52.9894
0,81.6436,51.3817
0,84.3922,52.0106
0,86.2978,55.2689
0,78.9369,52.5661
0,82.2189,54.9125
0,91.8036,53.1958
0,83.8353,53.5314
0,85.5206,52.8983
0,87.2772,53.2094
0,72.6719,54.3847
0,85.3422,52.5567
0,82.8653,51.6917
0,86.2461,54.3153
0,103.3364,53.0842
0,84.5014,53.6139
0,84.2953,54.0094
0,101.1703,56.1208
0,73.3928,54.7856
0,75.0158,53.9464
0,79.6747,53.7556
0,98.0661,56.0136
0,90.6803,51.1694
0,84.6467,56.8131
0,104.8136,52.6825
0,103.2914,52.9558
0,86.3097,55.1414
0,94.4581,51.8872
0,92.6883,56.1672
0,81.5556,58.9319
0,80.7689,53.2678
0,103.7161,53.1806
0,85.4344,52.4503
0,79.6158,54.2411
0,87.1217,52.2575
0,85.3292,53.2856
0,82.7722,55.0978
0,80.3497,52.5981
0,103.7039,52.9011
0,101.8903,55.3986
0,79.1703,53.4236
0,71.2914,55.1869
0,90.4367,55.9328
0,73.6711,54.0936
0,71.1647,57.6906
0,102.7211,53.8153
0,90.2189,54.1633
0,94.4994,55.9233
0,84.9339,55.7136
0,107.4389,56.1697
0,86.3233,54.6967
0,75.1692,54.9317
0,84.1436,53.5769
0,84.0022,53.4047
0,83.8778,55.4689
0,102.1803,54.1108
0,94.7875,55.4425
0,104.2258,53.1767
0,73.0111,55.2047
0,86.4514,56.2058
0,83.8703,55.5161
0,87.7539,52.7481
0,73.2514,55.4492
0,92.5731,56.0853
0,90.0131,55.5642
0,85.9003,53.4292
0,82.2781,50.9686
0,81.8994,54.3672
0,84.7472,53.9897
0,80.2592,51.8931
0,102.8914,53.0558
0,106.8031,56.5531
0,107.4928,56.1978
0,77.9042,53.9031
0,96.0672,56.2375
0,83.5378,51.9122
0,88.1817,55.6300
0,80.3550,51.5103
0,87.5503,53.1103
0,85.6475,52.3056
0,91.1197,55.5114
0,93.2722,57.6208
0,89.4294,54.6883
0,83.5606,57.6836
0,74.1003,55.0028
0,83.3914,54.6117
0,85.2053,53.8372
0,94.9986,50.5653
0,73.1308,55.1172
0,87.8478,52.7594
0,83.5047,55.5161
0,82.2178,52.7550
0,89.5603,54.9061
0,74.5700,55.8581
0,94.3886,57.7950
0,85.8253,52.3536
0,74.4158,54.9578
0,105.8925,53.9603
0,92.9106,53.7589
0,104.8519,52.9225
0,85.1028,56.6067
0,81.7231,52.0061
0,97.4453,58.3800
0,83.4644,53.1858
0,95.3722,50.3142
0,85.0228,56.4269
0,86.2514,54.4703
0,102.0506,52.7381
0,93.6050,52.0603
0,80.2200,54.4214
0,91.5461,53.6708
0,93.6464,55.3981
0,101.6411,54.3617
0,74.9147,55.5878
0,91.5967,53.7242
0,95.1628,50.2608
0,83.8422,55.5506
0,91.7956,53.8700
0,80.7756,52.7700
0,86.2094,54.3697
0,96.2433,52.4492
0,84.4556,52.3464
0,72.9347,54.9378
0,104.3794,52.1628
0,82.8561,54.8194
0,78.4989,53.5881
0,93.3808,54.3078
0,80.2831,55.1944
0,92.0528,58.5414
0,103.8242,52.0719
0,81.1567,52.0122
0,85.6372,54.4628
0,104.2925,52.4625
0,84.7872,52.5328
0,85.8483,55.4558
0,90.4294,56.1658
0,76.5703,54.6228
0,73.0994,55.6356
0,86.3711,54.4411
0,86.0017,55.2386
0,75.3022,56.9436
0,86.7544,58.6414
0,73.1528,55.0297
0,88.1664,57.3061
0,82.6619,55.0817
0,85.1042,56.5803
0,92.5956,51.4225
0,83.8281,51.4889
0,103.3919,52.8203
0,91.4122,53.1008
0,103.9103,51.9675
0,89.6933,55.4722
0,72.1956,55.8706
0,92.8525,56.0106
0,82.2853,55.0125
0,92.7072,51.4047
0,87.7717,55.7394
0,91.9506,53.3292
0,76.3400,54.9047
0,96.4306,56.2092
0,100.5781,54.5572
0,73.0922,55.3269
0,87.9931,56.0053
0,104.1139,52.1619
0,104.0975,52.2103
0,93.2550,54.3397
0,82.9278,55.1317
0,90.4394,50.3817
0,83.3300,54.3000
0,82.8858,53.0322
0,83.5897,52.9861
0,77.6656,54.0975
0,84.4469,52.6328
0,82.1486,52.9861
0,84.3028,53.4003
0,90.9681,55.0050
0,78.4658,53.9408
0,81.1856,51.4589
0,84.1322,52.0592
0,73.5636,54.2033
0,80.6039,52.7033
0,80.9844,52.6528
0,102.3419,53.1975
0,73.1619,54.1286
0,77.0789,56.0247
0,72.0442,54.2811
0,76.7478,55.6842
0,71.5397,56.2533
0,85.3150,55.4856
0,91.4753,51.5669
0,74.0314,55.0258
0,82.5747,53.1778
0,79.5806,55.1836
0,95.5575,51.4911
0,83.5736,52.8269
0,72.6433,54.9617
0,86.8822,56.0575
0,86.0578,51.7792
0,95.8675,56.0656
0,84.9839,55.5053
0,90.2722,55.2103
0,93.0517,56.5506
0,86.3258,54.8364
0,79.2317,53.3822
0,91.2611,53.9094
0,85.0233,52.2919
0,85.8289,52.2869
0,105.5044,53.0567
0,85.7769,51.8311
0,86.5847,54.8742
0,103.9753,52.1742
0,103.8033,53.4078
0,81.5525,53.6486
0,91.7331,51.2303
0,82.4203,54.0350
0,72.9939,54.6889
0,83.5847,53.2975
0,89.3161,56.5358
0,116.9197,59.0017
0,75.0147,54.1328
0,84.3361,53.3086
0,82.3161,53.7892
0,74.0328,55.7111
0,86.0936,56.8033
0,80.3422,53.8294
0,81.1328,51.5808
0,106.5033,56.7481
0,101.9706,53.9328
0,79.8844,51.8458
0,73.8822,54.9256
0,75.8564,56.3931
0,85.0919,52.6500
0,92.1150,53.7700
0,78.9514,52.2733
0,104.3897,52.2417
0,86.0750,54.6842
0,83.8053,55.1467
0,102.9583,53.1806
0,85.8700,58.5447
0,91.5161,53.1636
0,80.9633,55.0914
0,82.9028,58.3114
0,103.8344,52.5931
0,83.0481,55.0992
0,75.4050,55.1431
0,82.6142,53.4139
0,81.2275,51.1269
0,91.4347,54.1128
0,72.5864,54.6236
0,82.7161,51.9289
0,95.3264,50.6511
0,74.2108,54.2467
0,73.0278,55.2839
0,82.9953,54.1725
0,85.7128,55.5256
0,76.8808,54.1708
0,82.7742,55.3794
0,80.1819,55.1722
0,90.3825,53.7025
0,82.3389,53.0744
0,83.3925,54.0825
0,85.8653,54.4597
0,75.4664,54.8328
0,85.8525,55.1550
0,84.7611,56.5500
0,101.2364,54.3836
0,85.4317,54.9517
0,91.2394,55.9833
0,101.1481,55.3419
0,89.5861,55.8436
0,86.6114,54.1442
0,82.1194,53.9336
0,86.0019,51.9736
0,91.5903,53.1267
0,93.3250,56.0642
0,78.5172,53.4111
0,80.0508,53.3039
0,73.8775,54.6583
0,82.2583,52.2200
0,104.1486,51.5231
0,90.4011,53.0258
0,90.7758,54.5844
0,73.5769,55.0211
0,103.2972,53.5533
0,81.6275,52.7083
0,84.5153,55.3061
0,81.9214,50.9833
0,75.7344,56.9350
0,84.8392,56.5200
0,82.2597,52.2153
0,101.4350,56.5875
0,94.9022,55.9056
0,79.7108,51.8189
0,82.9236,55.5219
0,102.9664,54.2211
0,100.1306,54.6267
0,83.5889,55.3319
0,101.7436,55.7439
0,89.6939,55.0767
0,94.0997,51.5642
0,72.5289,54.9222
0,82.7386,55.3089
0,84.9628,55.7408
0,73.2239,54.8919
0,73.0239,54.7047
0,78.6108,55.0981
0,93.3203,57.6286
0,85.4333,53.8469
0,95.0053,50.5992
0,87.2728,54.0003
0,72.9433,55.1164
0,85.9208,55.4197
0,85.2656,52.2156
0,74.6228,56.0983
0,78.7122,53.9847
0,98.6383,55.3689
0,74.5544,54.1231
0,77.5331,53.6139
0,86.0542,53.1233
0,86.9481,54.0983
0,84.7975,52.7469
0,87.9397,50.2164
0,100.7778,54.4794
0,72.2881,54.4464
0,72.5781,54.1625
0,79.4131,51.9264
0,80.5897,53.2200
0,86.3444,54.2539
0,73.4425,55.3789
0,73.0750,54.7953
0,84.0328,55.4894
0,95.7194,56.1356
0,94.7997,55.9278
0,84.4386,52.2211
0,79.1497,54.0681
0,83.3628,51.6989
0,85.3381,51.9522
0,83.9742,53.2433
0,102.2206,53.6856
0,79.4586,54.5842
0,85.0217,52.5717
0,85.8158,55.0564
0,84.0672,52.2378
0,102.8661,56.5325
0,89.9003,55.5881
0,99.5175,55.6156
0,72.2183,55.8186
0,89.8383,55.9689
0,82.6864,51.7136
0,87.1214,54.0042
0,85.3375,56.6922
0,89.7633,54.7006
0,83.0000,53.4369
0,89.8853,53.3272
0,82.7289,52.8094
0,80.1592,53.8667
0,75.6056,55.1661
0,103.7142,53.5644
0,86.4111,54.1267
0,79.0017,54.2347
0,92.9500,58.0194
0,83.1072,54.7583
0,83.9303,57.3439
0,81.0839,52.7739
0,96.6231,55.7897
0,92.2497,58.4861
0,94.7964,55.7811
0,81.9419,55.2058
0,92.9625,56.3153
0,92.8483,56.0689
0,102.0433,53.9103
0,100.8883,56.1933
0,80.8075,52.2183
0,85.7644,52.8850
0,81.5978,51.7492
0,103.2833,57.6433
0,71.5436,54.7836
0,77.2972,54.3661
1,78.5964,52.9789
1,89.7836,55.3328
1,84.4247,53.2194
1,84.2003,53.3344
1,84.7381,52.8833
1,104.2806,52.2864
1,96.1753,55.8525
1,85.4031,55.8733
1,92.8239,51.3319
1,71.8247,54.9183
1,93.5806,58.1019
1,74.6783,56.2461
1,74.2417,55.2711
1,71.6472,54.8667
1,81.1681,51.3733
1,85.4983,55.3469
1,85.9408,55.0231
1,94.7767,51.2669
1,95.3525,51.5372
1,83.8200,54.6406
1,86.0058,54.2925
1,104.8639,51.8594
1,72.8269,55.0331
1,98.0031,55.9406
1,102.9858,54.4783
1,83.6206,54.0225
1,82.5406,54.2689
1,86.2808,54.6056
1,77.7386,53.8439
1,85.9503,55.3494
1,82.3994,52.2650
1,73.4697,55.0931
1,104.8697,53.0469
1,71.3503,55.5689
1,80.7331,53.4586
1,80.8794,54.4342
1,102.7867,57.9039
1,85.9128,53.2550
1,89.8128,56.3503
1,101.6886,55.5228
1,83.4078,54.2367
1,101.1203,54.3556
1,94.7922,50.6256
1,81.6658,52.7314
1,89.1803,55.5392
1,91.2867,53.5508
1,85.5042,52.5697
1,85.3206,56.6719
1,93.1511,56.9044
1,72.6297,56.9292
1,89.3008,55.4931
1,86.3397,51.9400
1,82.1347,52.0758
1,92.3275,56.2353
1,89.2008,55.6419
1,97.7058,56.8814
1,86.1919,54.3667
1,103.1833,52.8667
1,82.5997,54.0017
1,89.3550,56.1333
1,74.8056,54.1539
1,74.2028,55.1514
1,89.9581,54.3722
1,82.2669,51.6847
1,88.3117,55.7600
1,83.0097,54.8953
1,83.8908,57.0958
1,79.2342,54.6608
1,84.8028,56.2956
1,79.8972,53.2217
1,83.7519,51.2031
1,95.1653,50.9947
1,84.5167,57.1425
1,75.8764,55.5100
1,73.0583,55.7781
1,85.0617,56.3589
1,83.6131,53.2189
1,73.1397,55.0214
1,89.5236,53.4453
1,87.0644,54.1658
1,104.1633,52.5242
1,94.0947,58.0161
1,83.8392,53.5572
1,114.2764,58.0106
1,83.1581,55.1689
1,86.3897,55.0011
1,94.2078,51.6492
1,78.1517,54.1203
1,104.6153,52.5936
1,75.1106,54.6675
1,94.7503,55.9014
1,81.4761,51.3528
1,91.0617,53.4106
1,80.8608,59.0567
1,86.0408,54.7619
1,79.9622,52.4011
1,86.8281,53.6322
1,79.3250,54.2053
1,90.2594,54.0003
1,105.2514,56.8469
1,91.4514,51.3656
1,81.7250,54.3831
1,82.9400,54.5039
1,88.0386,50.7567
1,79.9561,54.2950
1,74.9031,54.8967
1,81.4919,58.6828
1,102.7267,53.7000
1,85.3556,51.8714
1,94.7094,55.9603
1,73.6206,55.0425
1,92.8947,56.1844
1,84.4242,53.0694
1,93.0803,56.0833
1,91.3331,53.7894
1,85.8917,55.3442
1,92.8408,56.3719
1,85.3850,54.6072
1,83.3808,53.0044
1,96.9403,58.3706
1,95.1019,50.3008
1,85.9228,54.6125
1,75.2178,55.1300
1,74.8500,55.9656
1,82.0631,53.5256
1,73.2175,55.1519
1,82.7389,54.8306
1,84.9475,50.8058
1,80.9161,52.1619
1,102.3158,53.6692
1,90.3181,56.2886
1,74.6131,54.3722
1,74.3344,53.7367
1,92.4547,53.8575
1,73.5617,54.9256
1,75.8925,55.1853
1,73.7656,53.9528
1,86.7069,54.7997
1,81.5956,58.9242
1,93.6281,51.9581
1,82.6356,54.6942
1,85.4308,58.0281
1,85.8100,51.9472
1,81.5947,51.1439
1,103.3728,53.1667
1,91.7939,53.5206
1,91.5492,55.5167
1,82.7022,54.9744
1,97.8206,55.9608
1,92.2372,53.1997
1,90.3839,55.5250
1,91.4731,57.0014
1,79.2386,53.9839
1,73.2381,54.9247
1,103.4656,52.8706
1,82.0569,54.6092
1,76.7347,55.7067
1,82.7339,53.2372
1,84.7686,50.9264
1,90.5250,56.3119
1,83.0539,55.0839
1,84.2425,56.6747
1,78.7528,54.7042
1,92.7256,53.5336
1,79.2353,52.2558
1,85.6586,53.0778
1,82.3461,54.6089
1,83.5831,53.4147
1,73.2969,54.4589
1,85.8969,55.3225
1,88.6033,49.9297
1,94.8964,57.2108
1,101.3144,56.9803
1,73.8269,55.7183
1,82.5939,52.0758
1,73.8736,55.0469
1,101.1639,54.4644
1,81.4072,57.2300
1,76.8867,55.1144
1,93.5533,51.5803
1,83.8331,53.0806
1,73.5944,55.5539
1,72.3269,54.8889
1,74.2733,57.2556
1,93.2733,56.4972
1,103.5917,56.9369
1,85.5594,50.7689
1,82.2744,51.8925
1,91.3331,54.5478
1,104.2203,52.4283
1,87.4478,53.1381
1,94.9814,55.9694
1,76.9714,55.3506
1,88.1175,55.5164
1,104.4608,52.5892
1,87.7800,52.8744
1,86.1339,50.7497
1,76.6267,56.5633
1,85.0853,53.6408
1,71.9428,54.6622
1,83.2431,54.9889
1,72.4019,57.5106
1,83.0403,53.7728
1,104.2583,56.7053
1,84.9103,52.0836
1,74.1267,54.3600
1,92.7522,56.4864
1,78.4497,53.1650
1,90.1506,54.4944
1,83.2472,58.1047
1,108.3511,57.8383
1,92.1869,53.3197
1,80.1053,50.9375
1,83.6119,51.2714
1,77.2408,54.0081
1,101.9975,54.3447
1,99.6322,54.7064
1,83.3272,53.8733
1,78.2372,59.2211
1,104.0567,51.5444
1,94.0311,52.0772
1,77.4614,55.3419
1,79.7336,53.4764
1,103.1089,56.4044
1,85.9553,54.6881
1,104.4572,52.7508
1,84.9000,51.2308
1,80.4408,51.2917
1,91.4311,51.4547
1,76.1856,55.0792
1,81.0122,51.8881
1,90.2078,51.0136
1,82.4972,54.9656
1,85.6289,52.6075
1,82.0861,51.1758
1,81.1911,51.7378
1,83.1031,52.8811
1,81.7483,53.1386
1,85.1786,56.4953
1,84.7442,53.6733
1,103.7786,53.1531
1,73.1608,54.6019
1,104.5078,52.5608
1,101.6231,53.8725
1,73.5442,55.2586
1,84.9308,52.8017
1,74.9550,55.3469
1,98.8589,55.0767
1,104.5833,52.2717
1,73.7303,54.2781
1,72.6019,56.2031
1,104.1589,52.3072
1,89.5617,53.2669
1,104.5064,52.5511
1,74.3300,55.7081
1,83.8414,53.5064
1,82.0167,50.9103
1,81.1939,53.8953
1,86.7500,53.8844
1,78.4981,53.7158
1,79.5394,53.6233
1,83.3061,52.1561
1,88.4450,52.8236
1,94.5594,51.6972
1,85.9603,51.9581
1,79.8542,52.7797
1,73.4178,56.3669
1,86.1764,56.9908
1,92.2847,57.6161
1,91.3183,51.4175
1,83.6178,53.2303
1,71.2672,54.9092
1,101.8594,54.5869
1,86.1622,54.6636
1,102.2319,53.2100
1,81.7519,51.0544
1,86.3486,55.0742
1,91.2172,53.6506
1,85.7628,52.5667
1,99.0264,54.9011
1,81.5358,50.9689
1,84.7231,55.8378
1,91.2872,53.6186
1,88.0214,56.1722
1,82.4672,53.4392
1,85.0892,52.0514
1,90.4056,50.9369
1,90.1447,54.4828
1,93.2669,56.0044
1,73.5789,54.4322
1,103.5206,54.3344
1,93.4358,57.0617
1,94.4094,55.8986
1,73.6783,54.7114
1,85.9700,56.6450
1,81.6842,52.9875
1,80.6839,52.9903
1,92.0797,53.7961
1,85.4303,55.3528
1,103.9211,57.1408
1,85.7956,54.6164
1,79.9772,52.9997
1,71.6775,54.2647
1,100.0778,54.1894
1,85.9475,54.2858
1,103.5775,53.6969
1,84.5508,56.5636
1,89.8494,55.0397
1,85.5022,52.5772
1,85.1781,57.7542
1,102.8289,53.2744
1,85.1067,56.3753
1,83.1775,54.9558
1,73.8833,55.5831
1,84.8806,56.2817
1,85.7258,54.2917
1,91.5678,53.2531
1,95.4828,56.0272
1,80.3053,53.4042
1,82.1744,55.0422
1,82.2622,54.0228
1,85.4347,56.7250
1,91.8836,54.1508
1,74.5133,57.1192
1,87.2189,53.6406
1,74.6939,54.1694
1,82.1300,54.5625
1,95.4700,56.3981
1,83.6919,54.5158
1,78.1808,54.9506
1,79.9503,52.4933
1,99.1797,58.6033
1,83.1344,54.7567
1,93.9172,52.1450
1,74.2703,56.9169
1,84.8819,56.3778
1,83.0078,54.8825
1,83.4089,54.1861
1,90.5986,51.1786
1,84.8850,56.4783
1,73.9392,55.2636
1,83.4633,53.2539
1,103.6389,52.7567
1,103.9467,52.2056
1,79.2467,53.7547
1,91.0886,54.2803
1,86.6411,56.1933
1,83.7481,55.1594
1,93.1453,56.1436
1,90.5361,51.1361
1,86.2203,55.2497
1,85.0808,52.3025
1,75.1444,56.3017
1,74.5142,56.7944
1,73.3708,54.6900
1,90.7453,54.7747
1,79.2622,53.5633
1,82.9031,55.2189
1,82.8494,55.1500
1,86.1769,54.1967
1,73.3311,53.6206
1,81.9436,54.6553
1,72.0758,55.3494
1,94.5528,55.9933
1,85.0714,50.9083
1,90.0886,52.6517
1,103.7503,52.6739
1,73.6994,54.5694
1,93.1206,56.0356
1,90.1875,52.9542
1,74.3719,56.9019
1,91.5608,51.2969
1,91.4003,53.7594
1,85.2025,52.5500
1,73.7681,54.6486
1,92.1653,58.4486
1,83.7097,53.6275
1,87.7206,51.2839
1,81.7094,51.2811
1,92.0356,50.7519
1,82.8219,58.0619
1,73.1856,54.9603
1,80.6083,54.3622
1,88.5678,56.0378
1,85.9586,50.2656
1,73.1803,54.0725
1,78.3331,54.5600
1,91.0933,51.2850
1,82.8317,58.3606
1,92.1978,51.3961
1,99.5211,56.0458
1,85.4136,52.2850
1,91.8686,55.3553
1,72.4656,55.0281
1,105.0575,56.8539
1,101.0500,55.5219
1,85.0397,52.6008
1,85.9233,55.5639
1,88.1275,56.2122
1,85.9519,55.6381
1,83.6953,53.6667
1,86.9483,55.0042
1,82.7722,54.8806
1,83.1472,57.7944
1,98.7244,58.6008
1,96.7422,56.0689
1,83.2572,51.6947
1,83.7669,53.5789
1,83.1292,55.0575
1,87.3067,53.4614
1,81.8533,51.8736
1,86.5669,56.8419
1,82.5092,55.0856
1,92.4783,55.9425
1,81.2103,52.2025
1,71.7844,55.8614
1,101.7361,55.6778
1,102.4469,56.5536
1,84.9522,56.4886
1,82.6494,57.7903
1,78.9239,53.2592
1,83.3383,53.2131
1,81.9661,56.9242
1,82.0322,54.4100
1,74.5872,54.3294
1,92.0369,54.0781
1,90.5761,51.1450
1,92.2222,53.1350
1,87.8056,53.7125
1,92.9328,54.0886
1,100.6378,54.5972
1,85.4950,55.7053
1,93.3406,56.1975
1,82.0067,51.0069
1,78.9808,53.0900
1,86.9906,53.7450
1,86.1950,54.9764
1,91.8019,53.9233
1,81.3792,52.5611
1,75.9742,55.2144
1,91.4425,53.7211
1,92.0831,58.4650
1,84.8928,55.7881
1,81.1958,51.1889
1,86.2083,55.4428
1,81.2078,51.5011
1,92.0908,58.6036
1,84.7567,55.0933
1,84.5903,52.2081
1,82.4506,52.8636
1,86.2389,57.0772
1,91.3925,53.7383
1,100.7486,54.3922
1,85.6378,54.9164
1,88.5331,49.9889
1,101.2614,54.3431
1,83.9311,53.4119
1,85.1172,50.3983
1,95.2039,56.0053
1,79.2383,53.3186
1,95.4356,56.2011
1,89.1322,55.9447
1,83.3206,53.6825
1,74.3164,53.9500
1,91.4808,53.0003
1,73.9017,54.6211
1,83.3200,54.3622
1,84.1258,52.1933
1,94.2644,51.6453
1,74.3061,55.0736
1,91.5992,53.3789
1,77.8061,53.5128
1,83.3725,54.2206
1,83.3639,55.1983
1,103.7222,53.5842
1,86.5458,52.0108
1,86.2533,56.0828
1,104.2242,52.5542
1,72.6292,56.9483
1,83.4414,56.3106
1,85.5875,55.0414
1,85.1717,52.7614
1,92.6814,50.8136
1,85.8367,53.1158
1,87.7950,55.8586
1,82.2922,53.6806
1,82.4100,55.2872
1,86.4425,54.1583
1,82.1450,51.3542
1,71.2850,54.4803
1,84.9069,51.7008
1,100.2406,54.2544
1,84.0525,51.7469
1,106.0692,52.5467
1,80.4725,53.8622
1,83.1639,52.7703
1,84.8528,56.2156
1,86.0183,56.0831
1,79.7761,51.6733
1,78.2208,55.4383
1,83.5692,53.8172
1,102.2344,53.6183
1,80.9444,53.1347
1,95.4894,56.6856
1,81.7917,54.0131
1,103.7092,51.7256
1,74.2203,55.8506
1,90.6806,56.9514
1,107.5756,56.2689
1,71.9200,54.8431
1,91.0508,53.1522
1,83.7144,55.0425
1,94.7444,55.6733
1,82.4906,52.6178
1,85.9644,52.1808
1,83.0358,53.3042
1,74.9103,53.9153
1,93.3386,51.5669
1,87.3878,56.3803
1,84.6936,55.2475
1,94.6169,50.5147
1,83.3978,55.0369
1,72.1675,55.0781
1,91.1842,55.2478
1,73.8861,53.7811
1,90.4286,55.7006
1,74.4433,55.0519
1,78.2169,54.2331
1,83.2906,55.4725
1,86.0578,50.7917
1,104.0525,52.4194
1,84.1703,56.5350
1,93.7533,58.0942
1,96.2811,58.4981
1,90.7131,52.9247
1,82.6906,52.5094
1,83.8222,55.4653
1,90.7072,53.3517
1,72.6461,54.6742
1,84.9686,53.3875
1,85.8306,51.5892
1,102.7028,53.6989
1,84.8758,56.3258
1,81.2994,52.9428
1,103.0778,52.8728
1,72.4569,54.3447
1,88.4767,55.0203
1,77.5375,54.1428
1,103.8725,53.3881
1,100.6419,54.7614
1,87.3369,53.5986
1,87.9181,50.6217
1,87.1919,53.3369
1,100.6211,58.5753
1,86.2500,55.6667
1,83.2789,54.7094
1,82.9708,53.3283
1,78.9192,53.3731
1,90.7631,54.9697
1,103.8389,53.7222
1,73.0394,55.0236
1,82.7017,52.1278
1,91.3525,53.7869
1,95.2281,56.8294
1,85.2194,55.8658
1,91.7056,54.4917
1,80.6017,53.3989
1,80.3650,52.0197
1,89.4794,55.7244
1,84.6789,54.8261
1,73.3439,55.1031
1,87.2886,53.4103
1,104.0489,52.2258
1,89.9278,52.8503
1,104.9092,52.2761
1,86.0211,57.4086
1,81.8994,53.9006
1,92.1833,53.8667
1,84.8092,55.0447
1,80.4786,52.6336
1,71.4497,54.9344
1,83.6225,52.7122
1,107.8236,57.4836
1,86.5653,54.8094
1,86.5553,56.4739
1,72.6514,54.9139
1,99.5889,55.9347
1,103.7386,53.6547
1,82.0347,52.6675
1,76.5819,54.7075
1,83.2767,54.6486
1,104.4711,52.1561
1,73.6447,53.6708
1,83.2819,54.9861
1,83.3064,54.6425
1,82.1544,54.4519
1,78.9344,53.2231
1,79.6614,54.4958
1,90.3692,54.4633
1,90.3150,53.9761
1,80.7714,53.5619
1,80.4850,54.3344
1,81.5914,54.3494
1,85.8564,52.1647
1,82.0886,52.9667
1,72.3844,57.5883
1,85.5453,55.4639
1,86.2611,53.2553
1,93.4075,51.1736
1,79.7603,54.0758
1,112.9064,58.3061
1,82.0619,51.8781
1,84.4808,51.5089
1,85.1472,54.8889
1,84.6483,56.6922
1,85.7744,55.3350
1,79.1911,53.9806
1,93.7503,55.7161
1,84.1822,54.3464
1,85.2261,55.3642
1,91.1464,51.4042
1,92.2847,53.9400
1,88.0703,53.6867
1,98.6642,55.5550
1,98.4803,56.0783
1,74.4883,54.0503
1,85.7017,52.4206
1,93.7208,55.7858
1,83.4775,53.2597
1,81.2208,52.0639
1,71.5100,56.0064
1,87.4422,53.7506
1,87.7350,56.2092
1,91.3444,53.6544
1,88.9206,55.4011
1,79.2394,54.5261
1,95.5033,55.6714
1,103.5042,52.9694
1,81.5400,51.8469
1,81.4900,58.7033
1,81.5244,54.3192
1,94.4378,51.7192
1,83.5569,51.3972
1,103.0311,53.0339
1,92.6972,56.0764
1,83.5333,55.8350
1,84.6381,53.2161
1,82.9489,54.9150
1,85.1425,56.3642
1,104.1953,56.4911
1,89.5300,56.2100
,,
